{"vertexCount":468,"triangles":[[127,34,139],[11,0,37],[232,231,120],[72,37,39],[128,121,47],[232,120,100],[213,215,57],[128,47,121],[232,100,101],[173,155,133],[127,139,34],[124,115,13],[232,101,102],[232,102,103],[232,103,104],[232,104,105],[232,105,106],[232,106,107],[232,107,108],[232,108,109],[232,109,110],[232,110,111],[232,111,112],[232,112,113],[232,113,114],[232,114,115],[232,115,116],[232,116,117],[232,117,118],[232,118,119],[232,119,120],[232,120,121],[70,63,105],[105,66,107],[107,55,193],[193,168,50],[50,122,196],[196,198,174],[174,217,196],[196,237,168],[168,196,122],[122,196,50],[33,246,161],[161,160,159],[159,158,157],[157,173,133],[33,7,163],[163,144,145],[145,153,154],[154,155,133],[362,398,384],[384,385,386],[386,387,388],[388,466,263],[362,382,381],[381,380,374],[374,373,390],[390,249,263],[308,415,310],[310,311,312],[312,13,82],[82,81,80],[80,191,78],[78,95,88],[88,178,87],[87,14,86],[86,179,85],[85,180,84],[84,17,16],[16,15,14],[14,13,312],[1,44,19],[44,237,195],[195,196,4],[4,275,5],[5,281,195],[172,136,150],[150,149,176],[176,148,152],[152,377,400],[400,378,379],[136,172,58],[58,172,132],[132,172,176],[176,175,168],[168,175,197],[197,196,174],[174,196,43],[43,196,202],[202,196,206],[206,196,213],[213,196,216],[216,196,207],[207,196,187],[187,196,227],[227,196,234],[234,196,127],[127,196,162],[162,196,21],[21,196,54],[54,196,103],[103,196,67],[67,196,109],[109,196,10],[10,196,338],[10,338,297],[297,338,332],[332,338,284],[284,338,251],[251,338,389],[389,338,356],[356,338,454],[454,338,323],[323,338,361],[361,338,288],[288,338,397],[397,338,365],[365,338,379],[379,338,378],[378,338,394],[394,338,395],[395,338,369],[369,338,396],[396,338,400],[400,338,377],[10,109,67],[67,109,103],[103,109,54],[54,109,21],[21,109,162],[162,109,127],[127,109,234],[234,109,227],[227,109,187],[187,109,207],[207,109,216],[216,109,213],[213,109,206],[206,109,202],[202,109,43],[43,109,174]],"uvs":[[0.495,0.42],[0.495,0.44],[0.495,0.102991452991453],[0.495,0.10448717948717949],[0.495,0.465],[0.495,0.475],[0.495,0.375],[0.45,0.39],[0.495,0.29],[0.495,0.27],[0.495,0.05],[0.495,0.11645299145299146],[0.495,0.11794871794871795],[0.495,0.6],[0.495,0.62],[0.495,0.12243589743589745],[0.495,0.12393162393162394],[0.495,0.64],[0.495,0.12692307692307692],[0.495,0.12841880341880343],[0.495,0.12991452991452992],[0.38,0.085],[0.495,0.1329059829059829],[0.495,0.1344017094017094],[0.495,0.13589743589743591],[0.495,0.1373931623931624],[0.495,0.1388888888888889],[0.495,0.14038461538461539],[0.495,0.14188034188034188],[0.495,0.14337606837606837],[0.495,0.14487179487179486],[0.495,0.14636752136752137],[0.495,0.14786324786324787],[0.32,0.365],[0.495,0.15085470085470087],[0.495,0.15235042735042736],[0.495,0.15384615384615385],[0.27,0.48],[0.495,0.15683760683760684],[0.25,0.46],[0.495,0.15982905982905982],[0.495,0.1613247863247863],[0.495,0.16282051282051282],[0.37,0.45],[0.495,0.1658119658119658],[0.495,0.16730769230769232],[0.28,0.42],[0.25,0.41],[0.495,0.1717948717948718],[0.495,0.17329059829059829],[0.38,0.34],[0.495,0.17628205128205127],[0.495,0.17777777777777776],[0.495,0.17927350427350427],[0.415,0.115],[0.34,0.32],[0.495,0.18376068376068377],[0.495,0.18525641025641026],[0.2,0.56],[0.495,0.18824786324786325],[0.495,0.18974358974358974],[0.495,0.19123931623931623],[0.495,0.19273504273504272],[0.31,0.31],[0.495,0.19572649572649575],[0.495,0.19722222222222224],[0.34,0.29],[0.43,0.14],[0.455,0.27],[0.44,0.3],[0.29,0.315],[0.495,0.20619658119658119],[0.27,0.505],[0.495,0.2091880341880342],[0.495,0.21068376068376066],[0.495,0.2121794871794872],[0.495,0.2136752136752137],[0.495,0.21517094017094018],[0.36,0.6],[0.495,0.21816239316239316],[0.42,0.59],[0.495,0.22115384615384615],[0.46,0.59],[0.495,0.22414529914529915],[0.48,0.645],[0.49,0.64],[0.48,0.63],[0.49,0.625],[0.44,0.62],[0.495,0.2331196581196581],[0.495,0.23461538461538461],[0.495,0.2361111111111111],[0.495,0.2376068376068376],[0.155,0.49],[0.495,0.2405982905982906],[0.39,0.62],[0.495,0.24358974358974358],[0.495,0.2450854700854701],[0.495,0.2465811965811966],[0.495,0.24807692307692308],[0.185,0.48],[0.165,0.46],[0.155,0.44],[0.455,0.17],[0.435,0.29],[0.31,0.295],[0.135,0.38],[0.325,0.285],[0.45,0.31],[0.465,0.215],[0.13,0.34],[0.12,0.31],[0.12,0.28],[0.125,0.25],[0.135,0.215],[0.15,0.185],[0.165,0.155],[0.19,0.13],[0.22,0.105],[0.255,0.09],[0.21,0.46],[0.225,0.44],[0.36,0.33],[0.495,0.28397435897435896],[0.495,0.28547008547008546],[0.495,0.28696581196581195],[0.495,0.28846153846153844],[0.135,0.2],[0.23,0.43],[0.495,0.29294871794871796],[0.495,0.29444444444444445],[0.495,0.29594017094017094],[0.175,0.55],[0.4,0.38],[0.495,0.3004273504273504],[0.495,0.3019230769230769],[0.195,0.58],[0.495,0.30491452991452994],[0.495,0.30641025641025643],[0.145,0.245],[0.495,0.3094017094017094],[0.495,0.3108974358974359],[0.495,0.3123931623931624],[0.495,0.3138888888888889],[0.365,0.4],[0.36,0.41],[0.495,0.31837606837606836],[0.495,0.31987179487179485],[0.36,0.7],[0.43,0.715],[0.33,0.68],[0.495,0.32585470085470086],[0.495,0.75],[0.38,0.4],[0.385,0.39],[0.39,0.39],[0.495,0.3333333333333333],[0.355,0.365],[0.345,0.36],[0.335,0.355],[0.325,0.36],[0.315,0.365],[0.35,0.085],[0.38,0.395],[0.495,0.3452991452991453],[0.495,0.3467948717948718],[0.495,0.3482905982905983],[0.495,0.34978632478632476],[0.495,0.38],[0.495,0.35277777777777775],[0.495,0.35427350427350424],[0.495,0.3557692307692307],[0.175,0.565],[0.395,0.375],[0.4,0.45],[0.495,0.54],[0.285,0.69],[0.495,0.36474358974358967],[0.45,0.615],[0.485,0.635],[0.48,0.645],[0.495,0.37072649572649574],[0.495,0.37222222222222223],[0.495,0.3737179487179487],[0.495,0.3752136752136752],[0.495,0.3767094017094017],[0.495,0.3782051282051282],[0.22,0.4],[0.495,0.3811965811965812],[0.495,0.38269230769230766],[0.495,0.38418803418803416],[0.39,0.575],[0.495,0.38717948717948714],[0.37,0.335],[0.495,0.39017094017094023],[0.495,0.46],[0.495,0.45],[0.495,0.395],[0.495,0.3961538461538462],[0.495,0.3976495726495727],[0.495,0.39914529914529917],[0.495,0.40064102564102566],[0.29,0.45],[0.495,0.40363247863247864],[0.495,0.40512820512820513],[0.495,0.4066239316239316],[0.255,0.425],[0.24,0.41],[0.495,0.4111111111111111],[0.495,0.4126068376068376],[0.495,0.4141025641025641],[0.495,0.41559829059829057],[0.495,0.41709401709401706],[0.235,0.405],[0.495,0.42008547008547004],[0.24,0.49],[0.235,0.4],[0.355,0.445],[0.495,0.4260683760683761],[0.495,0.4275641025641026],[0.495,0.4290598290598291],[0.495,0.4305555555555556],[0.495,0.43205128205128207],[0.495,0.43354700854700856],[0.495,0.43504273504273505],[0.495,0.43653846153846154],[0.495,0.43803418803418803],[0.19,0.38],[0.495,0.441025641025641],[0.495,0.4425213675213675],[0.495,0.444017094017094],[0.14,0.465],[0.14,0.46],[0.495,0.44850427350427347],[0.14,0.31],[0.495,0.45149572649572645],[0.495,0.45299145299145294],[0.42,0.44],[0.495,0.4559829059829059],[0.495,0.4574786324786324],[0.495,0.4589743589743589],[0.495,0.4604700854700854],[0.495,0.461965811965812],[0.495,0.4634615384615385],[0.495,0.46495726495726497],[0.495,0.46645299145299146],[0.32,0.36],[0.495,0.46944444444444444],[0.495,0.47094017094017093],[0.635,0.39],[0.495,0.4739316239316239],[0.595,0.08],[0.495,0.4769230769230769],[0.495,0.4784188034188034],[0.495,0.4799145299145299],[0.495,0.48141025641025637],[0.495,0.48290598290598297],[0.495,0.48440170940170946],[0.495,0.48589743589743595],[0.495,0.48739316239316244],[0.495,0.48888888888888893],[0.66,0.36],[0.495,0.4918803418803419],[0.68,0.365],[0.795,0.31],[0.495,0.4963675213675214],[0.495,0.49786324786324787],[0.495,0.49935897435897436],[0.495,0.5008547008547009],[0.495,0.5023504273504273],[0.495,0.5038461538461538],[0.495,0.5053418803418803],[0.495,0.5068376068376068],[0.495,0.5083333333333333],[0.495,0.5098290598290598],[0.525,0.475],[0.495,0.5128205128205128],[0.495,0.5143162393162393],[0.495,0.5158119658119658],[0.495,0.5173076923076922],[0.64,0.59],[0.545,0.475],[0.495,0.5217948717948717],[0.495,0.5232905982905982],[0.62,0.08],[0.73,0.31],[0.495,